,Set,RMSE,MSE,MAE,MPE,R2
0,Validation,0.10380637357024784,0.010775763193805849,0.06977272891856104,-0.76556176914004,0.32524404255493156
1,Test,0.3375232266086382,0.11392192850030612,0.20737570269457983,0.11195315114699404,-0.004505391683844673
