Model,RMSE,MSE,MAE,MPE
Linear Regression,0.1460713918932288,0.0213368515296252,0.1199746193731696,0.1968053762407856
Lasso,0.127707900074282,0.0163093077413828,0.09341692855988,0.1178795696665802
Random Forest,0.1227972817846664,0.0150791724137027,0.080169498338391,0.0414635877253764
NN,0.1251688822092011,0.0156672490735008,0.0885879394656051,0.0211608707130539
GNN,0.1264602986054704,0.0159922071233847,0.0910834207120179,0.0733099575902372
