Model,RMSE,MSE,MAE,MPE
OLS,0.3150167654675029,0.0992355625256077,0.1874344949484843,0.9170573398126192
Lasso,0.3371149082641063,0.1136464613739168,0.1956106001779344,1.028787410052045
Random Forest,0.3645749210318696,0.1329148730453939,0.2409938125789604,1.563982567696468
FCNN,0.3564641417074308,0.1270666843232153,0.2315166435419415,-0.3655129528621704
GNN,0.3254834898801837,0.1059395021845836,0.1883089867878828,-0.8313311704674878
