Model,RMSE,MSE,MAE,MPE
Linear Regression,0.3188736012312702,0.1016803735621991,0.1892761485527271,0.0375057552339543
Lasso,0.3355639488495621,0.1126031637675115,0.1943167671932149,0.0094443943229256
Random Forest,0.3785050472107255,0.1432660707639935,0.2431896965300804,-0.0362866885731382
NN,0.4360779723812194,0.1901639979961155,0.2767461082143654,-0.0745573554734589
GNN,0.3717491225382507,0.1381974101079593,0.2328470595584112,-0.0518644508463255
