Model,RMSE,MSE,MAE,MPE
Linear Regression,0.1437468214390883,0.0206631486738411,0.116732945572402,0.6793528709590286
Lasso,0.1263819422316376,0.0159723953222409,0.0834198905120321,-0.7945528084922665
Random Forest,0.1072842115051495,0.0115099020382816,0.077619541888738,-0.0333704142017142
NN,0.1038063735702478,0.0107757631938058,0.069772728918561,-0.76556176914004
GNN,0.1199686657618279,0.0143924807646731,0.0822790009284697,0.9323274103607572
