Model,RMSE,MSE,MAE,MPE
OLS,0.1437468214390881,0.020663148673841,0.1167329455724016,0.679352870959005
Lasso,0.1263819422316376,0.0159723953222409,0.0834198905120321,-0.7945528084922665
Random Forest,0.1072842115051495,0.0115099020382816,0.077619541888738,-0.0333704142017142
FCNN,0.1038063735702478,0.0107757631938058,0.069772728918561,-0.76556176914004
GNN,0.1199686657618279,0.0143924807646731,0.0822790009284697,0.9323274103607572
