,Lasso,Random Forest
lag_covar,0.5302685802377524,0.7421582441885645
lag_gdp_growth,0.0,0.0164181993994776
lag_leverage,-0.0,0.0053328816359728
lag_market_return,-0.0021190309973191,0.0295384250497369
lag_roa,0.0,0.0055282079854903
lag_size,0.0047280664277012,0.0928847103529399
lag_t_bill_delta,0.0,0.0211127932028954
lag_ted_spread,0.0,0.0570883112708654
lag_var,-0.0,0.0084202138670968
lag_vix,-0.0190889945926515,0.02151801304696
